Employee_ID,Name,Position,Hourly_Rate,Tax_Rate,NI_Rate
EMP0000,John Mcbride,Media planner,26.92,0.14,0.04
EMP0001,James Fisher,Games developer,39.83,0.2,0.02
EMP0002,Justin Rodriguez,Commercial horticulturist,31.44,0.17,0.04
EMP0003,Shelly Bates,Acupuncturist,42.48,0.14,0.03
EMP0004,Patrick Chavez,"Research officer, political party",27.84,0.12,0.03
EMP0005,Jerry Norris,"Scientist, physiological",22.24,0.1,0.03
EMP0006,Scott Brown,"Engineer, electrical",31.49,0.12,0.02
EMP0007,Laura Gray,Health and safety adviser,49.72,0.05,0.03
EMP0008,David Vaughan,"Designer, textile",15.23,0.12,0.03
EMP0009,Whitney Sparks,"Surveyor, insurance",22.3,0.19,0.04
EMP0010,Dawn Miller,"Scientist, marine",39.78,0.07,0.02
EMP0011,Chad Hernandez,Database administrator,45.71,0.11,0.05
EMP0012,Robert Solomon,Writer,25.94,0.08,0.04
EMP0013,Carrie Rogers,Quality manager,22.74,0.06,0.04
EMP0014,Kevin Mann Jr.,"Therapist, horticultural",38.97,0.15,0.05
EMP0015,Samantha Smith,"Education officer, community",43.0,0.07,0.01
EMP0016,Sara Shields,"Development worker, community",26.34,0.18,0.01
EMP0017,Victoria Perry,Corporate treasurer,19.17,0.14,0.01
EMP0018,Michael Calderon DDS,Therapeutic radiographer,33.32,0.07,0.02
EMP0019,Tracy Jones,Structural engineer,17.82,0.07,0.01
EMP0020,Robert Allen,Herpetologist,30.64,0.13,0.03
EMP0021,Anthony Bush,Dancer,36.5,0.13,0.04
EMP0022,Brandi Banks,"Engineer, materials",21.92,0.17,0.04
EMP0023,Robert Adams,Retail buyer,21.45,0.08,0.02
EMP0024,Victoria Chambers,"Editor, commissioning",47.53,0.08,0.03
EMP0025,Jason Contreras,Transport planner,49.39,0.14,0.02
EMP0026,Angel Stafford,Sales executive,48.15,0.06,0.03
EMP0027,Blake Campbell,"Civil engineer, consulting",24.33,0.14,0.03
EMP0028,Marilyn Mann,Animal nutritionist,42.88,0.14,0.02
EMP0029,Antonio Moss,Automotive engineer,25.6,0.14,0.05
EMP0030,Stephanie Washington,Graphic designer,19.38,0.14,0.02
EMP0031,Emily Lane,"Scientist, biomedical",17.76,0.09,0.04
EMP0032,Yvette Manning,Radio producer,41.45,0.18,0.03
EMP0033,Denise Mitchell,Legal secretary,49.56,0.07,0.05
EMP0034,Robert Nelson,Fast food restaurant manager,45.94,0.16,0.05
EMP0035,Michael Washington,"Engineer, civil (contracting)",40.98,0.15,0.04
EMP0036,Joseph Taylor,"Therapist, sports",49.57,0.09,0.02
EMP0037,Traci Davidson,Retail banker,48.98,0.12,0.01
EMP0038,Terry Cross,Television production assistant,25.44,0.09,0.04
EMP0039,Denise Martin,Osteopath,38.27,0.16,0.04
EMP0040,Katherine Smith,Physiological scientist,33.22,0.09,0.05
EMP0041,Christopher Bryant,Horticultural therapist,18.79,0.19,0.05
EMP0042,Jessica Williams,Manufacturing engineer,20.58,0.19,0.04
EMP0043,Patricia Ramos,Dealer,45.52,0.14,0.05
EMP0044,Jeffrey Green,Recruitment consultant,45.35,0.13,0.03
EMP0045,Ashley English,Claims inspector/assessor,27.2,0.2,0.04
EMP0046,Steven French,Early years teacher,41.81,0.11,0.04
EMP0047,Erica Sandoval,Special educational needs teacher,28.8,0.13,0.02
EMP0048,Alexis Frank,"Research officer, trade union",45.81,0.06,0.02
EMP0049,Walter Roman,Legal secretary,30.34,0.18,0.04
EMP0050,Jason Kennedy,"Secretary, company",31.05,0.11,0.04
EMP0051,David Roberts,"Buyer, industrial",20.6,0.13,0.02
EMP0052,Calvin Taylor,Printmaker,32.78,0.18,0.02
EMP0053,Ian Williamson,"Horticulturist, amenity",48.07,0.12,0.01
EMP0054,Christine Cross,English as a foreign language teacher,35.23,0.07,0.04
EMP0055,Kevin Figueroa,Herpetologist,20.61,0.05,0.02
EMP0056,Tammy Smith,Banker,47.41,0.05,0.03
EMP0057,Cindy Brown,"Engineer, structural",23.33,0.13,0.04
EMP0058,Sabrina Peterson,Special effects artist,20.91,0.16,0.02
EMP0059,Christine Weiss,Herpetologist,49.69,0.17,0.02
EMP0060,Austin Leonard,"Scientist, biomedical",22.18,0.11,0.04
EMP0061,Carlos Crawford,Chief Financial Officer,33.96,0.12,0.01
EMP0062,Jeffrey Williams,"Administrator, education",34.57,0.1,0.01
EMP0063,Zachary Gonzales PhD,"Engineer, petroleum",35.89,0.16,0.03
EMP0064,Stephen Young,International aid/development worker,39.03,0.15,0.03
EMP0065,Ronald Sutton,Arts administrator,29.93,0.18,0.04
EMP0066,Roberto Gutierrez,Commissioning editor,38.65,0.06,0.02
EMP0067,Elizabeth Osborn,"Accountant, chartered public finance",39.44,0.07,0.02
EMP0068,Shannon Rogers,"Horticulturist, commercial",33.94,0.11,0.02
EMP0069,Tracey Garcia,"Buyer, retail",22.37,0.16,0.02
EMP0070,Heather Hinton,Trading standards officer,18.55,0.05,0.02
EMP0071,Eric Diaz,English as a second language teacher,17.62,0.18,0.04
EMP0072,Jessica Hughes,Mudlogger,23.86,0.08,0.04
EMP0073,Kimberly Campbell,Neurosurgeon,20.45,0.08,0.02
EMP0074,Scott Huber,Technical brewer,15.5,0.14,0.01
EMP0075,Joshua Kim,"Designer, industrial/product",18.17,0.18,0.04
EMP0076,Craig Rodriguez,Lobbyist,24.77,0.18,0.02
EMP0077,Jillian Armstrong,Biomedical engineer,39.62,0.12,0.02
EMP0078,Jessica Hutchinson,Adult nurse,39.69,0.08,0.04
EMP0079,Kelly Gonzalez,"Conservation officer, nature",21.76,0.17,0.03
EMP0080,Sonya Watson,"Surveyor, quantity",33.12,0.12,0.05
EMP0081,Jennifer Gill,Health and safety adviser,49.56,0.16,0.03
EMP0082,Chris Martinez,Industrial buyer,30.07,0.08,0.05
EMP0083,Mary Robinson,Warden/ranger,39.93,0.13,0.05
EMP0084,Cheryl Reid,Minerals surveyor,15.58,0.2,0.04
EMP0085,William Nunez,Warden/ranger,44.86,0.14,0.04
EMP0086,Amanda Martin,Advice worker,17.76,0.2,0.04
EMP0087,Cynthia Mason,Nature conservation officer,33.46,0.12,0.03
EMP0088,Mr. Bradley Fletcher,"Engineer, petroleum",25.72,0.14,0.02
EMP0089,Stuart House,Town planner,18.31,0.13,0.02
EMP0090,Carl Dorsey,"Surveyor, minerals",44.55,0.15,0.04
EMP0091,Danny Johnson,Records manager,25.41,0.19,0.04
EMP0092,Kathryn Johnston,Corporate treasurer,17.2,0.13,0.03
EMP0093,Donna Bishop,Clinical biochemist,15.36,0.15,0.05
EMP0094,Alexander Young,"Designer, textile",17.74,0.06,0.04
EMP0095,Charles Taylor,"Designer, blown glass/stained glass",32.01,0.12,0.03
EMP0096,Brittany Norman,"Engineer, petroleum",19.03,0.06,0.04
EMP0097,Joseph Olson,Furniture conservator/restorer,40.43,0.19,0.04
EMP0098,Jessica Blankenship,Physiotherapist,36.27,0.14,0.04
EMP0099,James Rivera,Special effects artist,37.35,0.08,0.04
EMP0100,Nathaniel Reed,Trade union research officer,21.62,0.17,0.02
EMP0101,Arthur Webb,Advice worker,37.01,0.18,0.01
EMP0102,Richard Fields,Wellsite geologist,46.15,0.12,0.04
EMP0103,Sydney Hoffman,"Doctor, general practice",27.04,0.17,0.04
EMP0104,Anthony Marks,"Teacher, adult education",33.95,0.1,0.01
EMP0105,Anthony Warren,Advertising copywriter,40.02,0.07,0.04
EMP0106,Teresa Butler,Land,17.08,0.18,0.01
EMP0107,Andrew Daniels,Contracting civil engineer,23.73,0.05,0.02
EMP0108,Joanna Warner,Restaurant manager,19.79,0.17,0.03
EMP0109,John Singleton,"Civil engineer, contracting",40.7,0.16,0.04
EMP0110,Chris Garcia,Chiropodist,42.34,0.14,0.04
EMP0111,Kyle Santos,Senior tax professional/tax inspector,29.87,0.1,0.02
EMP0112,Anthony Morgan,Theme park manager,40.31,0.15,0.01
EMP0113,Whitney Hayes,Technical author,19.95,0.07,0.04
EMP0114,Christopher Scott,"Programmer, applications",24.93,0.07,0.04
EMP0115,Tina Gallagher,Barrister's clerk,20.19,0.09,0.02
EMP0116,Melanie Avila,Magazine features editor,32.31,0.13,0.02
EMP0117,Jesse Todd,Geographical information systems officer,15.7,0.11,0.04
EMP0118,Mr. Joshua Wells,Oncologist,37.26,0.07,0.05
EMP0119,Logan Thomas,"Conservator, museum/gallery",42.97,0.16,0.05
EMP0120,Vincent Jensen,Telecommunications researcher,42.98,0.13,0.01
EMP0121,Stephen Parker,"Engineer, production",38.79,0.19,0.04
EMP0122,Shannon Harmon,"Editor, film/video",26.36,0.06,0.02
EMP0123,Justin Randall,"Scientist, forensic",17.97,0.1,0.02
EMP0124,Anthony Gonzalez,"Conservator, museum/gallery",38.3,0.15,0.04
EMP0125,Eric Harris,Garment/textile technologist,33.62,0.09,0.02
EMP0126,Angela Miller,"Therapist, occupational",33.72,0.1,0.01
EMP0127,Sarah Duffy,Special educational needs teacher,43.91,0.13,0.01
EMP0128,Leonard Myers,"Surveyor, planning and development",24.61,0.2,0.01
EMP0129,Jean Buck,Local government officer,21.46,0.15,0.01
EMP0130,Christopher Fox,Best boy,25.18,0.11,0.04
EMP0131,Joseph Montgomery,English as a second language teacher,24.47,0.1,0.05
EMP0132,Haley Sullivan,Horticultural therapist,27.1,0.12,0.02
EMP0133,Kevin Romero,Contractor,23.88,0.14,0.02
EMP0134,Dale Tucker,Food technologist,40.68,0.11,0.04
EMP0135,Kathleen Rodriguez,Purchasing manager,28.16,0.07,0.01
EMP0136,Matthew Garrett,Structural engineer,28.83,0.13,0.01
EMP0137,Jennifer Walters,Art therapist,41.43,0.13,0.01
EMP0138,Brandon Davidson,Insurance claims handler,15.09,0.06,0.03
EMP0139,Austin Mclaughlin MD,Accounting technician,35.24,0.14,0.03
EMP0140,Kevin Grimes,Archaeologist,23.97,0.16,0.04
EMP0141,Patrick Benjamin,Nature conservation officer,47.74,0.05,0.04
EMP0142,Stephen Murray,Company secretary,28.38,0.1,0.03
EMP0143,Mr. Craig Hays PhD,"Engineer, communications",37.36,0.09,0.03
EMP0144,Dennis Myers,Secretary/administrator,25.1,0.18,0.02
EMP0145,Corey Shaw,"Civil engineer, consulting",38.59,0.12,0.04
EMP0146,Courtney Smith,"Engineer, agricultural",43.0,0.06,0.04
EMP0147,Cynthia Jackson,Air cabin crew,44.14,0.08,0.05
EMP0148,Melinda Ellis,Legal secretary,31.54,0.07,0.03
EMP0149,Timothy Oneal,"Scientist, research (life sciences)",44.01,0.19,0.02
EMP0150,Ryan Wiley,"Editor, film/video",39.3,0.12,0.02
EMP0151,Trevor Wiggins,Proofreader,32.85,0.06,0.03
EMP0152,Jamie Shields,Agricultural consultant,22.25,0.14,0.03
EMP0153,Angel Scott,Patent attorney,39.01,0.16,0.04
EMP0154,Daniel Williams,TEFL teacher,45.66,0.12,0.03
EMP0155,Roger Riley,Banker,39.55,0.16,0.03
EMP0156,Veronica Snyder,"Therapist, occupational",48.02,0.06,0.03
EMP0157,Richard Oneill,Applications developer,21.52,0.06,0.04
EMP0158,Jennifer Gordon,Dealer,34.74,0.08,0.02
EMP0159,Nicholas Carson,Call centre manager,21.55,0.15,0.02
EMP0160,Michael Lewis,Further education lecturer,43.21,0.16,0.01
EMP0161,Ryan Shepard,"Engineer, manufacturing systems",36.95,0.19,0.05
EMP0162,Jason Aguirre,Maintenance engineer,29.02,0.2,0.02
EMP0163,Matthew Roberts,Music therapist,33.78,0.12,0.04
EMP0164,Scott Sellers,Logistics and distribution manager,35.59,0.06,0.01
EMP0165,Kimberly Davis,Cytogeneticist,28.33,0.14,0.03
EMP0166,Travis Williams,Artist,16.81,0.06,0.02
EMP0167,Janice Graves,Community pharmacist,17.95,0.17,0.02
EMP0168,Jason White,Ophthalmologist,29.4,0.14,0.04
EMP0169,Amy Wallace,"Journalist, magazine",31.81,0.11,0.05
EMP0170,Patrick Gill,Veterinary surgeon,41.67,0.11,0.03
EMP0171,Michael Davis,Paediatric nurse,22.92,0.14,0.03
EMP0172,Natalie Rhodes,Trade mark attorney,38.07,0.1,0.02
EMP0173,Alicia Evans,Air cabin crew,26.88,0.15,0.02
EMP0174,Matthew Becker,Archivist,28.97,0.1,0.05
EMP0175,Robert Vincent,Commercial horticulturist,36.91,0.06,0.05
EMP0176,Dr. Leslie Delgado MD,IT technical support officer,33.39,0.13,0.03
EMP0177,Cindy Miller DVM,Field seismologist,21.9,0.05,0.03
EMP0178,Virginia Brown,Meteorologist,17.24,0.13,0.02
EMP0179,James Tran,"Optician, dispensing",47.97,0.2,0.04
EMP0180,Emily Copeland,"Surveyor, quantity",49.12,0.15,0.03
EMP0181,Elizabeth Phillips,Higher education careers adviser,17.21,0.07,0.05
EMP0182,Craig Wilson,"Buyer, retail",24.93,0.14,0.01
EMP0183,Sandra Salazar,Animator,45.16,0.08,0.04
EMP0184,Tracy Pruitt,Community education officer,41.42,0.07,0.02
EMP0185,Elizabeth Dixon,Clinical cytogeneticist,36.45,0.11,0.01
EMP0186,Nicole Reed,"Scientist, research (physical sciences)",27.66,0.13,0.03
EMP0187,Sharon Harvey,Petroleum engineer,48.46,0.08,0.02
EMP0188,Sharon Cooper,"Designer, jewellery",38.47,0.08,0.01
EMP0189,Aaron Smith,Occupational therapist,16.2,0.1,0.03
EMP0190,Leah Hancock,Ship broker,30.82,0.15,0.02
EMP0191,Anna Stewart,"Producer, radio",35.25,0.07,0.03
EMP0192,David Oliver,Mental health nurse,16.33,0.19,0.01
EMP0193,Samantha Perez,"Civil engineer, contracting",26.63,0.18,0.05
EMP0194,Margaret Washington,Fast food restaurant manager,39.88,0.12,0.02
EMP0195,Mary Mcdaniel,Insurance account manager,16.18,0.17,0.02
EMP0196,Jennifer Downs,Tour manager,46.87,0.16,0.04
EMP0197,Allison Lynch,Environmental health practitioner,39.49,0.07,0.03
EMP0198,Sabrina Wiggins,Information officer,44.74,0.12,0.01
EMP0199,Gilbert Smith,Fine artist,32.16,0.15,0.01
EMP0200,Patrick Martin,Sales executive,44.71,0.19,0.04
EMP0201,Anna Rice,Legal executive,24.61,0.16,0.04
EMP0202,Michael Brown,Building control surveyor,28.87,0.08,0.01
EMP0203,Dr. Steven Gibson,Magazine features editor,19.81,0.18,0.04
EMP0204,Melissa Washington,Tourist information centre manager,23.49,0.06,0.02
EMP0205,Joseph Martinez,Civil Service administrator,28.74,0.18,0.01
EMP0206,Michael Garcia,"Engineer, mining",36.97,0.2,0.01
EMP0207,Stephanie Gonzalez,Museum/gallery curator,25.82,0.13,0.04
EMP0208,David Lee,"Teacher, music",28.55,0.19,0.03
EMP0209,Deborah Parker,Insurance risk surveyor,19.72,0.16,0.03
EMP0210,Melissa Savage,Equality and diversity officer,42.89,0.08,0.02
EMP0211,Joshua Wallace,Rural practice surveyor,32.83,0.06,0.02
EMP0212,Stephen Barnes,"Engineer, electronics",34.8,0.07,0.04
EMP0213,Gregory Morris,Data processing manager,26.07,0.18,0.04
EMP0214,Lisa Robertson,Academic librarian,39.83,0.07,0.04
EMP0215,Benjamin Brown,Airline pilot,41.51,0.14,0.02
EMP0216,Stephanie Ramos,Surgeon,27.95,0.11,0.03
EMP0217,Dana Stokes,Horticultural therapist,26.32,0.09,0.04
EMP0218,Stephen Cisneros,Energy engineer,17.51,0.17,0.02
EMP0219,Aaron Hudson,Financial planner,25.21,0.18,0.02
EMP0220,Ebony Marquez,Archivist,20.24,0.1,0.05
EMP0221,Annette Ramirez,Radio producer,37.69,0.13,0.01
EMP0222,Sarah Williams,"Scientist, research (physical sciences)",22.66,0.1,0.03
EMP0223,James Anderson,Retail manager,37.41,0.18,0.05
EMP0224,Christopher Lee,"Conservator, museum/gallery",25.84,0.08,0.04
EMP0225,Mr. Christopher English,"Psychotherapist, child",24.69,0.2,0.05
EMP0226,Jacob Carr,Lobbyist,29.51,0.08,0.02
EMP0227,Sherry Hernandez,Civil Service fast streamer,29.22,0.12,0.01
EMP0228,John Bailey,Chiropractor,27.26,0.08,0.05
EMP0229,Alexander Fisher,Energy manager,34.64,0.13,0.01
EMP0230,Diana Arellano,Human resources officer,42.58,0.1,0.02
EMP0231,Natalie Gutierrez,Emergency planning/management officer,27.14,0.16,0.01
EMP0232,Jessica Holloway,Animal nutritionist,44.88,0.08,0.04
EMP0233,John Rose,"Pilot, airline",19.19,0.11,0.03
EMP0234,Timothy Christian,"Designer, industrial/product",28.26,0.11,0.04
EMP0235,Paul Porter,"Geologist, engineering",36.16,0.16,0.03
EMP0236,Renee Gallagher,"Designer, interior/spatial",18.92,0.12,0.01
EMP0237,Brian Kemp,"Secretary, company",19.89,0.07,0.02
EMP0238,Jeff Weaver,Museum/gallery curator,24.59,0.05,0.05
EMP0239,Nathan Everett,Automotive engineer,16.78,0.09,0.02
EMP0240,Samantha Brown,"Teacher, adult education",17.57,0.1,0.05
EMP0241,Miss Diana Cox,"Administrator, Civil Service",26.84,0.15,0.01
EMP0242,Dylan Stephens,Personnel officer,35.31,0.19,0.05
EMP0243,Dr. Teresa Williams,Art therapist,21.96,0.11,0.03
EMP0244,Ashley Miller,Special educational needs teacher,25.91,0.11,0.02
EMP0245,Samantha Arnold,Mechanical engineer,20.12,0.09,0.02
EMP0246,Colton Ramirez,"Engineer, biomedical",22.49,0.08,0.03
EMP0247,Daniel Smith,Arts development officer,17.1,0.16,0.02
EMP0248,Mary Gardner,Insurance claims handler,29.04,0.12,0.03
EMP0249,Donna Holmes,Information systems manager,15.78,0.07,0.03
EMP0250,Patricia Brandt,Media planner,35.76,0.14,0.02
EMP0251,Shannon Mendoza,Pensions consultant,40.44,0.15,0.02
EMP0252,Lauren Harvey,"Social research officer, government",42.82,0.11,0.02
EMP0253,James Edwards,Armed forces logistics/support/administrative officer,40.11,0.17,0.02
EMP0254,Aaron Smith,Architectural technologist,17.79,0.18,0.02
EMP0255,Kirsten Sanchez,Leisure centre manager,15.21,0.19,0.04
EMP0256,Phyllis Thomas,Bookseller,30.02,0.16,0.02
EMP0257,John Fritz,Immunologist,38.54,0.17,0.05
EMP0258,Amanda Mckinney,Arboriculturist,40.85,0.1,0.02
EMP0259,Dominique Erickson,Writer,42.45,0.06,0.05
EMP0260,Karla Kelley,Warden/ranger,24.18,0.11,0.05
EMP0261,Matthew Johnson,Print production planner,43.17,0.1,0.02
EMP0262,Sergio Howe,"Designer, ceramics/pottery",45.58,0.15,0.04
EMP0263,Wanda Ruiz,Brewing technologist,46.84,0.14,0.03
EMP0264,Ryan Johnson,"Scientist, research (physical sciences)",23.43,0.13,0.03
EMP0265,Savannah Hoffman,Chiropodist,32.42,0.15,0.02
EMP0266,Gary Lopez,Retail buyer,19.66,0.17,0.03
EMP0267,Mr. Samuel Adkins,Warehouse manager,16.01,0.1,0.04
EMP0268,Raymond Brown,"Engineer, electronics",28.65,0.19,0.05
EMP0269,Amanda Henry,Television camera operator,39.71,0.18,0.02
EMP0270,Mary Durham,Tax inspector,31.75,0.18,0.05
EMP0271,Richard Morris,Games developer,29.13,0.16,0.02
EMP0272,Miranda Young,"Exhibitions officer, museum/gallery",36.01,0.18,0.02
EMP0273,Breanna Rosales,Management consultant,39.91,0.12,0.04
EMP0274,Daniel Robertson,Cytogeneticist,36.48,0.15,0.02
EMP0275,Patrick Brown,Logistics and distribution manager,44.49,0.05,0.04
EMP0276,James Mcconnell,Financial controller,27.16,0.17,0.02
EMP0277,Michael Turner,Financial risk analyst,48.7,0.16,0.03
EMP0278,Andrew Alvarez,Dietitian,39.39,0.1,0.02
EMP0279,Julie Martin,IT technical support officer,29.25,0.16,0.01
EMP0280,Yolanda Thomas,Patent examiner,40.19,0.14,0.01
EMP0281,Bob Brooks,"Designer, blown glass/stained glass",35.09,0.15,0.01
EMP0282,Deborah Arellano,"Editor, magazine features",27.57,0.17,0.02
EMP0283,Daniel Wright,"Designer, textile",48.55,0.08,0.03
EMP0284,Laura Jones,Sport and exercise psychologist,17.69,0.1,0.01
EMP0285,Travis Lambert,Prison officer,41.78,0.16,0.03
EMP0286,Nancy Higgins,"Production assistant, radio",39.95,0.14,0.02
EMP0287,Curtis Morgan,Network engineer,17.39,0.09,0.04
EMP0288,Rachel Dillon,Web designer,23.52,0.09,0.05
EMP0289,Carlos Johnson,Astronomer,35.0,0.13,0.05
EMP0290,Carla Kaiser,Insurance risk surveyor,25.51,0.15,0.04
EMP0291,Wanda Gaines,Tourism officer,48.73,0.07,0.02
EMP0292,Sharon Rogers,Town planner,20.24,0.13,0.03
EMP0293,Arthur Pace,Planning and development surveyor,31.78,0.19,0.04
EMP0294,Evan Morgan,Radiation protection practitioner,39.56,0.11,0.02
EMP0295,Donald Allison,"Engineer, materials",20.54,0.15,0.04
EMP0296,Jessica Wood,Race relations officer,32.85,0.11,0.04
EMP0297,Ashley West,Osteopath,28.48,0.2,0.05
EMP0298,Cassandra Bates,Civil Service fast streamer,22.85,0.2,0.02
EMP0299,Lauren Gilbert,"Scientist, physiological",30.64,0.06,0.03
EMP0300,Jaclyn Davis DVM,"Investment banker, corporate",41.05,0.05,0.02
EMP0301,Veronica Brock,Systems analyst,35.72,0.07,0.01
EMP0302,Jacqueline Cole,Intelligence analyst,43.68,0.15,0.01
EMP0303,Nicholas Washington,"Solicitor, Scotland",45.11,0.14,0.02
EMP0304,Sarah Jennings,Multimedia programmer,39.08,0.09,0.03
EMP0305,Craig Richardson,Television production assistant,24.14,0.17,0.02
EMP0306,Nicole Bradley,Consulting civil engineer,15.82,0.17,0.04
EMP0307,Christian Brown,Multimedia specialist,33.44,0.11,0.03
EMP0308,Steven Stevens,"Administrator, charities/voluntary organisations",41.25,0.16,0.02
EMP0309,Brian Baker,Diplomatic Services operational officer,40.4,0.05,0.04
EMP0310,Dalton Jones,Pathologist,40.74,0.14,0.03
EMP0311,Mrs. Margaret Shepherd,"Horticulturist, amenity",49.04,0.15,0.02
EMP0312,Randall Caldwell,Air traffic controller,40.43,0.15,0.05
EMP0313,Michelle White,"Engineer, materials",30.95,0.06,0.02
EMP0314,Audrey Brown,"Scientist, research (medical)",38.73,0.17,0.03
EMP0315,Kim Craig,"Geologist, wellsite",26.44,0.07,0.03
EMP0316,Christopher Martin,"Designer, furniture",22.09,0.12,0.04
EMP0317,Maria Neal,Chief Marketing Officer,33.54,0.16,0.03
EMP0318,Ian Grant,"Psychologist, forensic",22.57,0.07,0.02
EMP0319,Benjamin Carter,"Conservator, furniture",27.84,0.13,0.04
EMP0320,Devin Rodriguez,"Surveyor, building control",23.25,0.09,0.02
EMP0321,Ashley Sullivan,"Presenter, broadcasting",41.72,0.09,0.05
EMP0322,Kyle Stanley,Probation officer,47.0,0.07,0.04
EMP0323,Shannon Chen,"Designer, industrial/product",25.62,0.1,0.05
EMP0324,Nicholas Gill,Advice worker,35.22,0.08,0.03
EMP0325,Philip May,Editorial assistant,24.27,0.17,0.01
EMP0326,Cheryl Chung,Water quality scientist,44.27,0.18,0.04
EMP0327,Nicole Rodriguez,Publishing rights manager,20.71,0.06,0.03
EMP0328,Nathan Velasquez,"Production assistant, television",46.98,0.14,0.03
EMP0329,Derrick Rivera,"Civil engineer, consulting",38.72,0.11,0.01
EMP0330,Cindy Wilcox,Customer service manager,39.29,0.19,0.03
EMP0331,Joseph Hawkins,Dealer,15.91,0.13,0.03
EMP0332,Sandra Daniels,Politician's assistant,15.48,0.14,0.02
EMP0333,Thomas Alvarez,Volunteer coordinator,17.96,0.2,0.04
EMP0334,Amber Johns,Higher education careers adviser,35.65,0.13,0.04
EMP0335,Gwendolyn Johnson,"Runner, broadcasting/film/video",45.24,0.07,0.04
EMP0336,Cassandra Kaiser,Chartered loss adjuster,25.5,0.08,0.02
EMP0337,Amanda Thomas,Charity officer,35.73,0.08,0.01
EMP0338,Angela Miller,"Therapist, occupational",41.97,0.18,0.03
EMP0339,Kimberly Thomas,Medical technical officer,40.92,0.14,0.02
EMP0340,Dana Kelly,Production engineer,22.93,0.19,0.02
EMP0341,Molly Simpson,Planning and development surveyor,26.44,0.17,0.03
EMP0342,Carol Cox,Art therapist,44.62,0.16,0.04
EMP0343,Sandra Davis,Immunologist,39.11,0.15,0.04
EMP0344,Ethan Price,Architect,40.13,0.1,0.02
EMP0345,Alexander Bradley,Police officer,46.67,0.16,0.04
EMP0346,Gregory Butler,Psychotherapist,28.63,0.13,0.05
EMP0347,Anna Mccormick,Insurance claims handler,46.93,0.17,0.03
EMP0348,Brendan Greene,"Therapist, drama",36.47,0.11,0.04
EMP0349,Brittany Cole,Leisure centre manager,36.84,0.14,0.02
EMP0350,Samantha Lowe,Museum/gallery curator,22.19,0.13,0.04
EMP0351,Anna Hernandez,Haematologist,43.44,0.18,0.02
EMP0352,Cathy Martinez,Osteopath,20.56,0.12,0.04
EMP0353,David Mckinney,Product/process development scientist,15.03,0.17,0.04
EMP0354,Steven Lewis Jr.,Pension scheme manager,22.98,0.17,0.04
EMP0355,Paul Rodriguez,Horticultural consultant,30.35,0.14,0.03
EMP0356,Steven Marquez,Air cabin crew,34.12,0.12,0.01
EMP0357,Dr. Justin West Jr.,Jewellery designer,48.64,0.06,0.04
EMP0358,Christopher Gardner,Chartered public finance accountant,40.35,0.07,0.04
EMP0359,Amanda Rodriguez,Claims inspector/assessor,48.89,0.06,0.01
EMP0360,Debra Jones,Banker,36.75,0.12,0.04
EMP0361,Isabel Cordova,Planning and development surveyor,43.31,0.16,0.04
EMP0362,Melissa Johnson,"Editor, film/video",34.81,0.1,0.02
EMP0363,Roger Sweeney,"Doctor, general practice",44.88,0.13,0.04
EMP0364,Adam Banks,Equality and diversity officer,49.98,0.14,0.04
EMP0365,Elizabeth Powell,Production engineer,17.53,0.16,0.05
EMP0366,Lauren Ross,"Geneticist, molecular",20.29,0.09,0.03
EMP0367,Kristen Jones,"Exhibitions officer, museum/gallery",39.53,0.06,0.05
EMP0368,Nathan Love,Ship broker,25.45,0.1,0.04
EMP0369,Thomas Sexton,"Civil engineer, contracting",44.61,0.08,0.03
EMP0370,Amanda Barnett,"Surveyor, minerals",17.87,0.2,0.04
EMP0371,Amy Rodriguez,Private music teacher,22.06,0.09,0.04
EMP0372,Brandon Barrett,Electronics engineer,23.85,0.13,0.04
EMP0373,Sarah Schroeder,Editorial assistant,40.91,0.1,0.02
EMP0374,Craig Meyer,Chartered loss adjuster,18.88,0.13,0.02
EMP0375,Robert Zimmerman,"Investment banker, operational",49.02,0.1,0.02
EMP0376,Kelly Hobbs,Health and safety inspector,20.52,0.07,0.02
EMP0377,Michael Ramos,Neurosurgeon,23.57,0.05,0.03
EMP0378,Aimee Jones,Legal secretary,15.39,0.08,0.04
EMP0379,Adam Barker,Chief Financial Officer,40.66,0.15,0.03
EMP0380,Eric Garcia,Contractor,40.05,0.05,0.02
EMP0381,Brittany Russell,TEFL teacher,18.13,0.11,0.01
EMP0382,Kenneth Brown MD,"Therapist, occupational",32.78,0.12,0.01
EMP0383,Michelle Hill,Industrial buyer,46.57,0.2,0.03
EMP0384,Russell Roberts,Media planner,34.3,0.2,0.04
EMP0385,Sarah Adams,Warden/ranger,39.62,0.14,0.04
EMP0386,Carolyn Williams,Early years teacher,36.92,0.12,0.04
EMP0387,Ethan Larson,Health promotion specialist,41.48,0.13,0.02
EMP0388,Jennifer Robertson,"Therapist, art",40.43,0.19,0.02
EMP0389,Megan Cole,Archaeologist,44.37,0.09,0.03
EMP0390,Virginia Mckinney,TEFL teacher,29.88,0.1,0.02
EMP0391,Cheyenne Taylor DDS,"Therapist, occupational",27.06,0.11,0.01
EMP0392,Victoria Phillips,Research scientist (maths),18.31,0.07,0.03
EMP0393,Rachel Brown,Leisure centre manager,23.2,0.19,0.01
EMP0394,Michael Mason,Training and development officer,23.42,0.05,0.04
EMP0395,Christina Burns,Immunologist,39.77,0.15,0.03
EMP0396,Tiffany Wright,Travel agency manager,36.92,0.18,0.03
EMP0397,Michele Moore,IT trainer,45.51,0.1,0.04
EMP0398,Maria Estrada,Mental health nurse,41.93,0.05,0.05
EMP0399,Christopher Martin,Music tutor,46.25,0.12,0.02
EMP0400,Jacob Dean,Environmental consultant,38.85,0.1,0.05
EMP0401,Carlos Anderson,Chartered certified accountant,40.14,0.05,0.02
EMP0402,Paige Smith,Planning and development surveyor,26.21,0.05,0.02
EMP0403,Maurice Sanchez,"Scientist, research (medical)",16.85,0.17,0.01
EMP0404,Daniel Torres,Animator,28.72,0.1,0.02
EMP0405,Carrie Lopez,Consulting civil engineer,24.69,0.19,0.03
EMP0406,Sandra Grimes,Agricultural consultant,41.0,0.12,0.02
EMP0407,Jeremy Roth,Glass blower/designer,30.96,0.13,0.01
EMP0408,Dawn Ramirez,Health visitor,28.79,0.1,0.04
EMP0409,Dr. Melissa Thomas PhD,Equality and diversity officer,48.01,0.16,0.02
EMP0410,Wendy Adkins,Tree surgeon,34.9,0.11,0.04
EMP0411,Kaitlyn Garcia,"Psychologist, clinical",43.74,0.11,0.02
EMP0412,Brandi Tyler,Clinical psychologist,28.05,0.13,0.04
EMP0413,Olivia Carroll,Ship broker,38.43,0.16,0.02
EMP0414,Robert Hall,Counselling psychologist,21.88,0.05,0.04
EMP0415,Casey Carter,"Engineer, civil (contracting)",48.26,0.1,0.03
EMP0416,Diana Schwartz,"Accountant, chartered",39.89,0.1,0.04
EMP0417,Patrick Brooks,Games developer,34.49,0.16,0.04
EMP0418,Joel Foster,Illustrator,47.3,0.1,0.03
EMP0419,Diana Hall,Catering manager,39.92,0.16,0.03
EMP0420,Casey Kim,Art therapist,27.69,0.09,0.05
EMP0421,Bryan Little V,Press photographer,39.77,0.1,0.02
EMP0422,Steven Solis,"Editor, commissioning",40.38,0.11,0.04
EMP0423,Christine Mckinney,Environmental manager,49.65,0.19,0.02
EMP0424,Debra Harris,"Engineer, agricultural",29.92,0.11,0.03
EMP0425,Lisa Wright,Wellsite geologist,49.61,0.2,0.02
EMP0426,Destiny Adams,Bookseller,31.88,0.12,0.01
EMP0427,Jeremiah Cervantes,"Nurse, mental health",21.65,0.06,0.05
EMP0428,David Williams,Clinical psychologist,47.34,0.06,0.03
EMP0429,Jesse Jarvis,"Social research officer, government",34.43,0.1,0.02
EMP0430,Randall Simpson,Corporate investment banker,35.27,0.09,0.05
EMP0431,Jeremy Smith,Petroleum engineer,41.98,0.13,0.01
EMP0432,Matthew Evans,"Conservation officer, historic buildings",27.41,0.07,0.02
EMP0433,Lisa Oconnor,Special effects artist,21.05,0.18,0.03
EMP0434,Mrs. Casey Gomez DVM,Probation officer,25.99,0.07,0.02
EMP0435,Charles Schroeder,Field trials officer,36.79,0.13,0.01
EMP0436,Rachel Nash,"Radiographer, therapeutic",45.41,0.15,0.03
EMP0437,John Byrd,Trading standards officer,38.12,0.2,0.04
EMP0438,Samuel Cooke,"Scientist, research (life sciences)",15.73,0.19,0.04
EMP0439,Dorothy Macdonald,Records manager,42.44,0.11,0.01
EMP0440,Henry Conner,Tax inspector,37.17,0.19,0.02
EMP0441,Timothy Boyd,Social worker,20.74,0.16,0.03
EMP0442,Stephanie Sosa,Nature conservation officer,37.46,0.13,0.03
EMP0443,Valerie Whitney,Clinical biochemist,26.19,0.2,0.02
EMP0444,Alicia Clark,Public house manager,15.39,0.17,0.04
EMP0445,Kaylee Lee,TEFL teacher,25.17,0.11,0.04
EMP0446,Cameron Walker,Air traffic controller,38.5,0.19,0.03
EMP0447,Amanda Rodriguez,Learning disability nurse,37.73,0.09,0.03
EMP0448,Katherine Garza,Trade mark attorney,37.52,0.08,0.04
EMP0449,Christina Dunn,"Lecturer, higher education",29.43,0.08,0.03
EMP0450,Makayla Kramer,Architect,32.7,0.11,0.03
EMP0451,Jeremy Moreno,Naval architect,19.62,0.1,0.04
EMP0452,Amber Higgins,Public house manager,35.04,0.2,0.03
EMP0453,Jennifer Carey,"Surveyor, quantity",49.91,0.12,0.05
EMP0454,Stephen Martin,Seismic interpreter,40.85,0.1,0.05
EMP0455,Kyle Espinoza,"Horticulturist, commercial",40.94,0.18,0.03
EMP0456,Joseph Nguyen,Dealer,42.09,0.08,0.01
EMP0457,David Guerra,Meteorologist,35.52,0.09,0.03
EMP0458,Timothy Moody,Contractor,33.6,0.05,0.02
EMP0459,Bradley Roberts DDS,"Investment banker, corporate",40.86,0.06,0.04
EMP0460,Stephanie Thomas,"Programmer, applications",29.91,0.07,0.01
EMP0461,Anthony Ellis,Legal executive,24.35,0.13,0.04
EMP0462,Joshua Hines,Freight forwarder,34.88,0.17,0.02
EMP0463,Anthony Ross,Commissioning editor,33.0,0.18,0.03
EMP0464,Phillip Davis,"Psychologist, occupational",25.55,0.18,0.05
EMP0465,Kendra Stevenson,Charity officer,48.48,0.09,0.02
EMP0466,Robert Lucas,"Geneticist, molecular",21.19,0.18,0.04
EMP0467,John Martinez,"Psychologist, clinical",24.33,0.12,0.04
EMP0468,Chad Calhoun,Personal assistant,24.16,0.19,0.04
EMP0469,Julie Black,Market researcher,21.41,0.1,0.04
EMP0470,Gabriela Johnson,"Sales professional, IT",25.29,0.11,0.03
EMP0471,Darlene Jones,Hydrogeologist,47.31,0.09,0.05
EMP0472,Dana Garrett,Operations geologist,25.7,0.1,0.04
EMP0473,David Flores,Surgeon,25.38,0.18,0.04
EMP0474,Alex Ryan,Technical sales engineer,29.14,0.14,0.02
EMP0475,Carlos Hayes,Sports therapist,30.17,0.17,0.01
EMP0476,Jennifer Fuentes,Air traffic controller,19.19,0.15,0.04
EMP0477,Stacey Lopez,Diagnostic radiographer,33.08,0.1,0.04
EMP0478,Brittany Lee,"Programmer, multimedia",24.92,0.09,0.02
EMP0479,Megan Quinn,Radio broadcast assistant,29.58,0.18,0.03
EMP0480,Holly Boone,Research scientist (medical),28.72,0.14,0.01
EMP0481,Timothy Fuller,Pathologist,27.44,0.14,0.03
EMP0482,David Walls,"Designer, furniture",28.01,0.06,0.03
EMP0483,Michael Pierce,Special educational needs teacher,48.45,0.15,0.04
EMP0484,Allison Martinez,Interior and spatial designer,27.7,0.13,0.04
EMP0485,Elizabeth King,Teaching laboratory technician,42.37,0.08,0.05
EMP0486,Ryan Schultz,Media planner,45.56,0.13,0.01
EMP0487,James Todd,Recruitment consultant,21.32,0.2,0.01
EMP0488,Daniel Hughes,"Engineer, electronics",34.39,0.19,0.05
EMP0489,Caitlin Delgado,"Lecturer, higher education",41.06,0.08,0.02
EMP0490,Alyssa Santiago,Air cabin crew,34.27,0.15,0.03
EMP0491,Jennifer Klein,Clinical cytogeneticist,42.65,0.1,0.04
EMP0492,Sandra Smith,Maintenance engineer,29.12,0.11,0.05
EMP0493,Beth Camacho,Fisheries officer,20.38,0.07,0.02
EMP0494,Stephen Oliver,Public relations account executive,27.63,0.18,0.02
EMP0495,Peter Brown,Video editor,46.46,0.06,0.04
EMP0496,Patrick Zavala,Recruitment consultant,25.57,0.13,0.01
EMP0497,Jill Riley,Chief Financial Officer,30.95,0.2,0.02
EMP0498,Nina Lewis,Manufacturing systems engineer,16.16,0.06,0.02
EMP0499,Christopher Rocha,Quarry manager,38.04,0.15,0.02
EMP0500,Christopher Browning,Dramatherapist,46.16,0.11,0.05
EMP0501,Jordan Yang,"Investment banker, corporate",36.48,0.17,0.03
EMP0502,Melissa Glover,Economist,20.2,0.09,0.03
EMP0503,Kenneth Taylor,"Designer, furniture",47.51,0.15,0.04
EMP0504,Robert Holt,"Engineer, automotive",20.11,0.19,0.02
EMP0505,Aaron James,Transport planner,25.84,0.11,0.04
EMP0506,Michael Shelton,Sports development officer,29.76,0.19,0.05
EMP0507,Timothy Gilbert,Dancer,21.8,0.06,0.03
EMP0508,Diana Allen,Immigration officer,42.93,0.18,0.03
EMP0509,Richard Summers,Insurance broker,47.85,0.07,0.02
EMP0510,Sean Mills,"Psychologist, educational",46.1,0.08,0.05
EMP0511,Michael Gonzalez,Osteopath,42.57,0.09,0.03
EMP0512,Mrs. Lindsay Taylor,Rural practice surveyor,20.16,0.05,0.01
EMP0513,Thomas Webb,Restaurant manager,33.63,0.19,0.02
EMP0514,Wyatt Dean,Learning disability nurse,44.82,0.08,0.05
EMP0515,Brady Young,"Engineer, communications",18.03,0.11,0.03
EMP0516,Monica Torres,"Conservation officer, nature",45.75,0.05,0.02
EMP0517,Kimberly Cunningham,Research scientist (life sciences),40.57,0.16,0.01
EMP0518,John Rice,"Engineer, maintenance",15.87,0.16,0.01
EMP0519,Daniel Miller,"Lecturer, higher education",44.24,0.08,0.04
EMP0520,Eric Green,"Doctor, general practice",25.23,0.13,0.01
EMP0521,Natalie Martinez,"Civil engineer, consulting",38.76,0.12,0.02
EMP0522,Michael Bentley,"Engineer, civil (consulting)",17.55,0.07,0.02
EMP0523,Jeffrey Oconnor,Politician's assistant,32.68,0.05,0.02
EMP0524,Seth Gay,"Nurse, mental health",23.14,0.07,0.05
EMP0525,Adam Maldonado,"Teacher, early years/pre",20.96,0.12,0.02
EMP0526,Robert Tyler,Horticultural therapist,18.22,0.06,0.04
EMP0527,John Oliver,"Therapist, occupational",38.21,0.06,0.01
EMP0528,Miss Cheryl Vega,Industrial/product designer,16.19,0.19,0.02
EMP0529,Stephen Young,"Research officer, trade union",16.84,0.16,0.03
EMP0530,Ronald Oneal,Aid worker,45.18,0.16,0.04
EMP0531,Stephanie Martin,Retail manager,30.49,0.08,0.01
EMP0532,Courtney Watson,Arboriculturist,38.33,0.07,0.02
EMP0533,Nathaniel Carroll,Cabin crew,15.27,0.08,0.03
EMP0534,Brian Lee Jr.,International aid/development worker,36.17,0.17,0.02
EMP0535,Wayne Conley,Mechanical engineer,27.82,0.08,0.04
EMP0536,Rachel Horne,Technical brewer,43.48,0.2,0.04
EMP0537,James Patel,"Surveyor, building control",26.99,0.13,0.04
EMP0538,Angel Hodge,Software engineer,23.95,0.13,0.05
EMP0539,Teresa Garcia,Physiotherapist,34.25,0.07,0.02
EMP0540,Jessica Dickson,Restaurant manager,38.37,0.07,0.02
EMP0541,Brett Dyer,Solicitor,17.02,0.13,0.02
EMP0542,Mario Burton,Air cabin crew,22.93,0.19,0.04
EMP0543,Elijah Miller,"Psychologist, occupational",41.38,0.14,0.05
EMP0544,Sabrina Hawkins,Special effects artist,38.66,0.09,0.03
EMP0545,Bradley Fields,Optometrist,44.72,0.08,0.04
EMP0546,Sandra Williams,Seismic interpreter,31.12,0.14,0.03
EMP0547,Sarah Brewer,Copy,25.3,0.09,0.04
EMP0548,Tiffany Beltran,Music therapist,46.97,0.12,0.03
EMP0549,Steven Johnson,"Physicist, medical",18.76,0.13,0.01
EMP0550,Kendra Arnold,Community arts worker,19.37,0.12,0.03
EMP0551,Lisa Chang,Insurance underwriter,31.2,0.09,0.04
EMP0552,Cheryl Mercado,Audiological scientist,35.8,0.07,0.05
EMP0553,Sarah Sanchez,"Doctor, hospital",27.76,0.12,0.04
EMP0554,Jamie Knapp,Pathologist,47.31,0.08,0.04
EMP0555,Amber Maxwell,Lawyer,39.84,0.08,0.04
EMP0556,George Hunter,Psychiatrist,19.09,0.07,0.05
EMP0557,Timothy Ramirez,Veterinary surgeon,48.4,0.14,0.03
EMP0558,Brent Lee,Ambulance person,20.37,0.16,0.02
EMP0559,Sherry Gibson,Public librarian,46.93,0.07,0.01
EMP0560,David Gomez,Medical illustrator,44.66,0.13,0.05
EMP0561,Stanley Townsend,Medical technical officer,22.65,0.13,0.04
EMP0562,Robert Jones,"Copywriter, advertising",28.06,0.15,0.04
EMP0563,Scott Bell,"Journalist, magazine",46.77,0.08,0.04
EMP0564,Dana Hernandez,Tour manager,32.32,0.07,0.04
EMP0565,Jonathan Allen,Television production assistant,16.51,0.19,0.02
EMP0566,Julie Scott,Contracting civil engineer,21.23,0.09,0.02
EMP0567,Henry Washington,Health and safety inspector,39.0,0.06,0.01
EMP0568,Mrs. Sharon Johnson,Banker,42.8,0.16,0.05
EMP0569,Jennifer Spencer,Plant breeder/geneticist,33.09,0.06,0.02
EMP0570,Jeffrey Ferguson,Systems analyst,21.66,0.05,0.02
EMP0571,James Snyder,Neurosurgeon,38.36,0.1,0.04
EMP0572,Katherine Martinez,"Engineer, energy",48.44,0.2,0.04
EMP0573,Amanda Martin,"Programme researcher, broadcasting/film/video",27.82,0.16,0.04
EMP0574,Charles Monroe,"Scientist, research (physical sciences)",32.98,0.14,0.02
EMP0575,Ashley Graham,Chartered certified accountant,20.84,0.1,0.05
EMP0576,Jessica Young,Broadcast engineer,19.99,0.12,0.03
EMP0577,Susan Alexander,Special effects artist,45.48,0.11,0.01
EMP0578,Valerie Irwin,International aid/development worker,16.0,0.12,0.04
EMP0579,Andrew Steele,Newspaper journalist,31.72,0.15,0.02
EMP0580,Jennifer Campos,"Programmer, applications",16.09,0.06,0.01
EMP0581,Alexander Smith,Graphic designer,33.01,0.09,0.04
EMP0582,Heather Warren,Insurance account manager,33.23,0.13,0.02
EMP0583,Allison Daniel,Video editor,16.56,0.12,0.03
EMP0584,Jason Brown,Recruitment consultant,29.75,0.19,0.05
EMP0585,Maria Moore,Maintenance engineer,15.01,0.08,0.02
EMP0586,Tina Ibarra,"Engineer, building services",17.37,0.17,0.04
EMP0587,Robert Alvarado,Contracting civil engineer,28.09,0.07,0.04
EMP0588,Darrell Logan,Clinical cytogeneticist,45.01,0.14,0.05
EMP0589,Dennis Curtis,Audiological scientist,41.29,0.09,0.03
EMP0590,Gina Beasley,"Therapist, sports",48.43,0.07,0.02
EMP0591,Jessica Johnson,Patent examiner,17.0,0.05,0.02
EMP0592,Kelly Young,Audiological scientist,30.19,0.06,0.03
EMP0593,Ryan James,Fisheries officer,39.59,0.11,0.03
EMP0594,Brittney Oneal,"Designer, exhibition/display",24.31,0.07,0.01
EMP0595,Karla Johnson,Community arts worker,34.29,0.11,0.01
EMP0596,April Shields,Writer,19.37,0.16,0.02
EMP0597,Karl Foley,Sales executive,17.21,0.15,0.05
EMP0598,Shawn Hale,Theatre stage manager,17.12,0.13,0.04
EMP0599,David Lee,Audiological scientist,36.99,0.18,0.02
EMP0600,Angela Mccarthy,Nutritional therapist,22.49,0.08,0.04
EMP0601,Kevin Bowman,Rural practice surveyor,23.07,0.13,0.04
EMP0602,Richard Greene,Barrister,34.81,0.18,0.02
EMP0603,Mark Roman,Counselling psychologist,15.78,0.11,0.04
EMP0604,Jack Brady,Television floor manager,20.72,0.15,0.03
EMP0605,Dawn Johnson,Financial trader,40.96,0.12,0.05
EMP0606,Jeffrey Harris,Pathologist,33.38,0.16,0.04
EMP0607,Carl Barker,Oceanographer,41.23,0.11,0.02
EMP0608,Victor Velez,English as a foreign language teacher,44.83,0.18,0.04
EMP0609,John Murray,Sports administrator,44.95,0.11,0.03
EMP0610,April Russell,Facilities manager,39.29,0.19,0.03
EMP0611,Jesus Brown,Estate agent,40.76,0.12,0.04
EMP0612,Tyler Mack,Industrial buyer,16.95,0.17,0.04
EMP0613,Andrew Lewis,Automotive engineer,44.25,0.12,0.04
EMP0614,Kenneth Perez,Sports therapist,29.34,0.16,0.04
EMP0615,Ernest Evans,Child psychotherapist,43.58,0.07,0.02
EMP0616,Sherry Peters,Therapeutic radiographer,46.51,0.16,0.03
EMP0617,Albert Davidson,"Runner, broadcasting/film/video",43.77,0.07,0.02
EMP0618,Matthew Davis,Chief Strategy Officer,45.73,0.14,0.01
EMP0619,Lisa Richards,Sports therapist,33.76,0.17,0.04
EMP0620,Jose Ferguson,"Surveyor, quantity",30.43,0.06,0.02
EMP0621,Tiffany Nelson,Warden/ranger,42.0,0.14,0.04
EMP0622,Jamie Reed,Field seismologist,28.72,0.08,0.03
EMP0623,John Brooks,Leisure centre manager,49.41,0.07,0.04
EMP0624,Steven Johnson,Arts administrator,39.58,0.11,0.04
EMP0625,Tanya Peterson,Arts administrator,20.2,0.14,0.03
EMP0626,Angel Lopez,Environmental education officer,21.05,0.08,0.02
EMP0627,Nicole Lowery,"Programmer, applications",18.23,0.12,0.05
EMP0628,Jessica Martinez,"Engineer, communications",49.13,0.14,0.02
EMP0629,Bradley Cruz,"Engineer, production",35.74,0.11,0.03
EMP0630,Stephen Bailey,"Horticulturist, commercial",26.59,0.16,0.05
EMP0631,Richard King,Animal nutritionist,45.34,0.06,0.05
EMP0632,Kristin Parsons,Media buyer,40.36,0.17,0.05
EMP0633,Karen Torres,Oceanographer,48.76,0.05,0.02
EMP0634,Samantha Rivera,Multimedia programmer,18.44,0.17,0.05
EMP0635,Rachel Jensen,Banker,20.47,0.08,0.04
EMP0636,Laura Holland,Pharmacologist,46.53,0.08,0.05
EMP0637,Carmen Gomez,"Editor, magazine features",32.5,0.08,0.02
EMP0638,Courtney Griffin,Advertising art director,48.59,0.1,0.05
EMP0639,Michelle Andrews,Minerals surveyor,44.47,0.2,0.01
EMP0640,Lisa Chavez,Marketing executive,20.82,0.08,0.03
EMP0641,Christopher Conley,Early years teacher,47.58,0.14,0.03
EMP0642,Brian Johnson,"Designer, fashion/clothing",34.54,0.14,0.04
EMP0643,Rhonda Jackson,Broadcast journalist,39.72,0.19,0.04
EMP0644,David Johnson,Geoscientist,32.95,0.16,0.05
EMP0645,Amy Lozano,Furniture designer,48.12,0.19,0.04
EMP0646,Caitlin Hancock,"Designer, exhibition/display",41.67,0.16,0.03
EMP0647,Scott Hamilton,"Civil engineer, contracting",45.76,0.19,0.04
EMP0648,Lisa Marshall,"Editor, commissioning",15.76,0.18,0.03
EMP0649,Juan Li,"Engineer, civil (consulting)",43.08,0.2,0.04
EMP0650,Katelyn Rivers,Charity officer,42.58,0.12,0.02
EMP0651,Shelley Parsons,Clinical embryologist,48.5,0.15,0.04
EMP0652,Amy Grimes,IT technical support officer,17.96,0.08,0.03
EMP0653,John Martinez,Illustrator,20.93,0.17,0.05
EMP0654,David Warren,"Pharmacist, community",24.33,0.09,0.03
EMP0655,Joseph Owens,Building control surveyor,33.56,0.09,0.02
EMP0656,Amanda Boyle,Insurance account manager,41.73,0.11,0.02
EMP0657,Jeff Smith,Dealer,21.08,0.16,0.05
EMP0658,Steven Brewer,Tree surgeon,48.06,0.17,0.02
EMP0659,Teresa Lyons,Electrical engineer,33.9,0.09,0.03
EMP0660,Aaron Anderson,"Surveyor, planning and development",43.81,0.14,0.03
EMP0661,Melissa Serrano,Economist,41.65,0.16,0.01
EMP0662,Crystal Phelps,Theatre director,21.02,0.05,0.03
EMP0663,Andrew Cox,Musician,31.34,0.16,0.04
EMP0664,Mariah Black,"Designer, furniture",28.87,0.12,0.01
EMP0665,John Bowman,Equality and diversity officer,20.83,0.16,0.03
EMP0666,Brian Brown,Environmental education officer,38.59,0.13,0.05
EMP0667,Jessica Malone,Armed forces technical officer,34.24,0.19,0.02
EMP0668,Brittany May,Armed forces logistics/support/administrative officer,46.28,0.19,0.05
EMP0669,Mr. David Kelly,"Loss adjuster, chartered",45.11,0.17,0.01
EMP0670,Daniel Carey,Catering manager,23.32,0.11,0.02
EMP0671,Christopher Kennedy,"Editor, magazine features",43.61,0.12,0.04
EMP0672,William Johnson,"Accountant, chartered management",41.99,0.16,0.04
EMP0673,Jennifer Keller,Wellsite geologist,34.29,0.15,0.02
EMP0674,Carol Ingram,Field trials officer,48.34,0.15,0.03
EMP0675,Ruth Blevins,Retail merchandiser,25.12,0.09,0.02
EMP0676,Sandra Hernandez,Actuary,37.11,0.15,0.01
EMP0677,Wayne Shields,"Scientist, physiological",30.17,0.11,0.03
EMP0678,David Miller,Speech and language therapist,31.47,0.08,0.02
EMP0679,Spencer Garcia,Clothing/textile technologist,17.99,0.17,0.04
EMP0680,Dakota Brown,Claims inspector/assessor,44.66,0.12,0.04
EMP0681,Lisa Powers,Dramatherapist,34.83,0.08,0.05
EMP0682,Hannah Nelson DDS,Press sub,45.76,0.13,0.05
EMP0683,Jennifer Rowe,Music tutor,15.27,0.17,0.04
EMP0684,Christine Wilson,Animal nutritionist,42.71,0.1,0.02
EMP0685,Hunter Johnson,"Physicist, medical",40.31,0.2,0.02
EMP0686,Bruce Ward,"Horticulturist, amenity",48.29,0.15,0.03
EMP0687,Rhonda Thornton,Arts administrator,36.87,0.16,0.04
EMP0688,Stephen Lee,Youth worker,40.12,0.18,0.03
EMP0689,Brian Castro,Meteorologist,21.88,0.16,0.01
EMP0690,Marissa Lewis,Equality and diversity officer,41.95,0.06,0.03
EMP0691,Michael Brady,Senior tax professional/tax inspector,37.39,0.18,0.02
EMP0692,Justin Callahan,Records manager,34.23,0.18,0.02
EMP0693,John Taylor,Advice worker,18.56,0.17,0.01
EMP0694,Debbie Boone,Contracting civil engineer,34.23,0.15,0.03
EMP0695,Betty Brown,"Investment banker, operational",28.37,0.07,0.03
EMP0696,David Walker,Environmental health practitioner,49.12,0.18,0.04
EMP0697,Tasha Davis,Clinical cytogeneticist,47.2,0.06,0.02
EMP0698,Holly Robertson,IT sales professional,16.55,0.18,0.02
EMP0699,Carrie Maxwell,"Editor, magazine features",20.13,0.08,0.02
EMP0700,Andrew Vance,Education administrator,16.22,0.07,0.01
EMP0701,Maurice Mathis,Research scientist (life sciences),30.89,0.08,0.03
EMP0702,Daniel Olson,Chartered certified accountant,48.24,0.14,0.02
EMP0703,Hannah Martinez,Arts development officer,45.77,0.12,0.02
EMP0704,Tracy Johnson,Warden/ranger,37.24,0.08,0.02
EMP0705,Matthew Love,Automotive engineer,19.79,0.2,0.04
EMP0706,Natalie Patel,"Education officer, community",42.08,0.19,0.02
EMP0707,Mike Carlson,Armed forces logistics/support/administrative officer,33.87,0.1,0.01
EMP0708,Bobby Stewart,Counselling psychologist,30.43,0.07,0.01
EMP0709,Megan Solis,"Optician, dispensing",35.37,0.15,0.02
EMP0710,Brian Ruiz,Agricultural consultant,34.15,0.08,0.05
EMP0711,Thomas Doyle,"Administrator, Civil Service",43.66,0.19,0.02
EMP0712,Michael Reeves,"Engineer, materials",21.16,0.1,0.03
EMP0713,Brian Williams,"Scientist, marine",37.68,0.18,0.05
EMP0714,Donna Gonzalez,"Designer, industrial/product",42.07,0.05,0.03
EMP0715,Karen Jones,Commissioning editor,22.11,0.15,0.05
EMP0716,Hector Salas,Sports development officer,15.34,0.1,0.05
EMP0717,Kathryn Carney,Civil Service administrator,20.7,0.11,0.01
EMP0718,Shannon Ellis,Immunologist,21.16,0.11,0.03
EMP0719,Matthew Munoz,Psychiatric nurse,39.92,0.18,0.04
EMP0720,Ashley Pittman,"Production designer, theatre/television/film",40.85,0.08,0.02
EMP0721,Alexandra Roberts,Trading standards officer,44.8,0.07,0.03
EMP0722,Ashlee Roberts,"Civil engineer, contracting",23.37,0.11,0.02
EMP0723,Brooke Hudson,"Psychotherapist, child",44.06,0.06,0.03
EMP0724,Matthew Frank,Theatre manager,38.35,0.16,0.04
EMP0725,Jonathan Horne,"Engineer, site",18.6,0.13,0.04
EMP0726,Eduardo Patterson,"Psychologist, occupational",16.04,0.14,0.02
EMP0727,Andrea Leonard,Community arts worker,27.31,0.07,0.02
EMP0728,Patricia Walton,"Surveyor, building control",17.93,0.11,0.04
EMP0729,Cassandra Fernandez,Location manager,36.93,0.07,0.02
EMP0730,Heather Hamilton,Financial planner,27.67,0.09,0.02
EMP0731,Frank Williams,Corporate investment banker,33.34,0.17,0.02
EMP0732,Shelia Baker,Diplomatic Services operational officer,19.15,0.19,0.01
EMP0733,Jose Bowman,"Solicitor, Scotland",37.82,0.14,0.02
EMP0734,Jonathan Cobb,Museum/gallery conservator,27.59,0.19,0.04
EMP0735,Samantha Eaton,Geophysicist/field seismologist,30.87,0.1,0.02
EMP0736,Matthew King,Merchant navy officer,30.96,0.12,0.03
EMP0737,Jason Smith,Building control surveyor,39.21,0.17,0.01
EMP0738,Karen Hernandez,"Teacher, special educational needs",28.12,0.13,0.02
EMP0739,Melanie Mayo,"Psychologist, clinical",43.17,0.15,0.02
EMP0740,Holly Johnson,Customer service manager,44.81,0.06,0.04
EMP0741,Karen Beck DVM,Fisheries officer,47.28,0.05,0.02
EMP0742,Mallory Fields,Heritage manager,29.96,0.06,0.01
EMP0743,Edward Gonzalez,"Lecturer, higher education",17.37,0.05,0.02
EMP0744,Linda Robinson,"Education officer, museum",48.37,0.1,0.05
EMP0745,Stephen Jacobson,Commercial horticulturist,17.16,0.11,0.03
EMP0746,Robin Rodriguez,Fast food restaurant manager,24.28,0.08,0.04
EMP0747,Daniel Salazar,Analytical chemist,37.46,0.07,0.03
EMP0748,Casey Adams,"Therapist, horticultural",35.66,0.1,0.03
EMP0749,Heather Montoya,Occupational hygienist,20.59,0.16,0.03
EMP0750,Andrew Stewart,Media planner,17.35,0.13,0.03
EMP0751,Brandon Carson,Naval architect,47.01,0.18,0.04
EMP0752,Mrs. Alexis Johnson,Computer games developer,19.8,0.16,0.01
EMP0753,Ronald Mcdonald,"Embryologist, clinical",41.01,0.06,0.05
EMP0754,Linda Brown,Cytogeneticist,31.01,0.11,0.04
EMP0755,Carlos Thomas,"Civil engineer, contracting",17.15,0.05,0.03
EMP0756,Michael Lester,"Scientist, product/process development",22.39,0.17,0.03
EMP0757,Brian Cervantes,"Journalist, broadcasting",36.52,0.16,0.05
EMP0758,Samuel Davis,Exercise physiologist,31.25,0.08,0.02
EMP0759,Christina Kelly,Magazine features editor,23.65,0.12,0.03
EMP0760,Stephen Long,Health physicist,26.35,0.13,0.02
EMP0761,Jose Morales,Horticultural consultant,39.39,0.19,0.01
EMP0762,Michael Macias,Sales promotion account executive,29.24,0.07,0.03
EMP0763,Ms. Diana Miller,Retail banker,34.74,0.15,0.02
EMP0764,Mary Kennedy,Insurance broker,44.24,0.14,0.02
EMP0765,Melissa Freeman,"Producer, radio",45.57,0.19,0.01
EMP0766,Elizabeth Jefferson,"Copywriter, advertising",28.55,0.16,0.04
EMP0767,Tammy Mathis,Ceramics designer,22.34,0.09,0.02
EMP0768,Clifford Clark,Research scientist (physical sciences),23.71,0.18,0.03
EMP0769,Melissa Underwood,"Embryologist, clinical",30.26,0.12,0.02
EMP0770,Michelle Robinson,"Lighting technician, broadcasting/film/video",16.06,0.15,0.05
EMP0771,Cynthia Odonnell,Armed forces logistics/support/administrative officer,35.36,0.14,0.01
EMP0772,Kristin Hall,Cytogeneticist,25.19,0.06,0.02
EMP0773,Barry Novak,Retail manager,17.58,0.13,0.04
EMP0774,Richard Reeves,Freight forwarder,34.26,0.11,0.02
EMP0775,Javier Mcdaniel,"Administrator, Civil Service",43.83,0.12,0.05
EMP0776,Victoria Li,Analytical chemist,39.2,0.15,0.01
EMP0777,Casey Brown,Naval architect,46.6,0.13,0.03
EMP0778,Christine Bowers,Film/video editor,48.5,0.08,0.04
EMP0779,Shannon Baker,"Engineer, manufacturing systems",42.61,0.17,0.05
EMP0780,Kelly Brown,Mechanical engineer,31.89,0.08,0.01
EMP0781,Tara Williams,Office manager,39.18,0.08,0.01
EMP0782,Spencer Davis,Hotel manager,22.0,0.11,0.04
EMP0783,Tracey Harris,Minerals surveyor,33.66,0.17,0.04
EMP0784,Natasha Johnson,Occupational psychologist,25.23,0.08,0.02
EMP0785,Barbara Watts,Architect,33.82,0.2,0.02
EMP0786,Vickie Alexander,Manufacturing engineer,36.68,0.15,0.05
EMP0787,Michael Thomas,Sports coach,26.46,0.1,0.02
EMP0788,Tina Conley,Commercial horticulturist,40.49,0.16,0.01
EMP0789,Amber Phillips,Fashion designer,18.27,0.06,0.01
EMP0790,Valerie Barnes,"Engineer, maintenance",30.78,0.1,0.03
EMP0791,John Day,Games developer,39.25,0.09,0.02
EMP0792,Martin Dodson,Research scientist (physical sciences),41.93,0.12,0.01
EMP0793,Robert Ramos,Theatre director,34.44,0.11,0.05
EMP0794,Terry Smith,Operational researcher,38.63,0.08,0.04
EMP0795,Joy Hayes,Charity fundraiser,24.33,0.07,0.05
EMP0796,Robert Decker,Medical physicist,27.91,0.17,0.04
EMP0797,Tammy Parker,"Psychotherapist, dance movement",18.6,0.07,0.03
EMP0798,Madeline Watts MD,Speech and language therapist,16.36,0.11,0.04
EMP0799,Jasmine White,"Therapist, nutritional",40.04,0.15,0.03
EMP0800,David West,Environmental education officer,30.72,0.16,0.03
EMP0801,Patricia Fischer,Comptroller,37.6,0.11,0.05
EMP0802,Stacey Ball,Gaffer,29.96,0.13,0.05
EMP0803,Derek Paul,"Restaurant manager, fast food",44.97,0.17,0.03
EMP0804,Martin Wells,Chiropodist,26.51,0.11,0.04
EMP0805,James Ward,Educational psychologist,19.91,0.08,0.04
EMP0806,Cassandra Flowers,"Optician, dispensing",24.65,0.16,0.02
EMP0807,Angela Williams,Trade mark attorney,44.24,0.13,0.04
EMP0808,Gabriel Brown,"Chemist, analytical",36.3,0.11,0.05
EMP0809,Brett Villanueva,"Scientist, biomedical",25.33,0.08,0.03
EMP0810,Ariel Wilson,Call centre manager,28.59,0.15,0.03
EMP0811,Ricky Rowe,"Scientist, marine",23.31,0.08,0.04
EMP0812,Michelle Kelly,Marketing executive,17.75,0.05,0.04
EMP0813,Nicholas Powell,"Teacher, music",16.46,0.06,0.02
EMP0814,Nicole Morrison,Midwife,25.71,0.16,0.02
EMP0815,Deanna Brown,Chief Strategy Officer,44.94,0.13,0.03
EMP0816,Mrs. Patricia Carlson,Statistician,15.45,0.19,0.05
EMP0817,Gary Kirk,Oceanographer,32.76,0.17,0.01
EMP0818,Regina Oconnor,Best boy,36.7,0.07,0.04
EMP0819,Jenna Jenkins,Company secretary,26.03,0.11,0.02
EMP0820,Ricardo Mills,"Scientist, product/process development",27.74,0.14,0.02
EMP0821,Taylor Nguyen,Horticultural therapist,45.44,0.18,0.03
EMP0822,Bobby Gardner,"Buyer, industrial",49.44,0.06,0.02
EMP0823,Brandon Walsh,Mudlogger,28.16,0.12,0.04
EMP0824,Tiffany Mcmillan,Lexicographer,22.06,0.1,0.03
EMP0825,Charles Gomez,Naval architect,16.54,0.12,0.03
EMP0826,Rachel Miller,Water engineer,26.85,0.18,0.03
EMP0827,Dylan Douglas,Field trials officer,38.01,0.14,0.02
EMP0828,Brandi Golden,Ceramics designer,28.53,0.17,0.03
EMP0829,Mark Foley,Air broker,40.57,0.08,0.05
EMP0830,Katherine Martinez,Psychotherapist,36.78,0.07,0.03
EMP0831,Sarah Taylor,Sales promotion account executive,22.22,0.07,0.03
EMP0832,Molly Colon,Television floor manager,32.15,0.16,0.01
EMP0833,Lori Best,Architect,43.61,0.06,0.05
EMP0834,Heather Collins,Clothing/textile technologist,42.9,0.08,0.02
EMP0835,Melissa Kirk,"Teacher, secondary school",32.92,0.13,0.01
EMP0836,Stephen Parker,"Engineer, water",15.82,0.12,0.04
EMP0837,Ashley Henry,Agricultural consultant,38.06,0.16,0.02
EMP0838,Joseph Brown,"Geologist, wellsite",25.19,0.18,0.05
EMP0839,Michael Baird,"Administrator, arts",15.11,0.09,0.04
EMP0840,Michael Beck,"Nurse, learning disability",15.93,0.17,0.03
EMP0841,Tammy Golden,Cabin crew,18.78,0.19,0.03
EMP0842,Anthony Snyder,Transport planner,25.61,0.16,0.03
EMP0843,Justin Young,Police officer,37.29,0.07,0.02
EMP0844,Christian Bradshaw,Building services engineer,24.5,0.12,0.03
EMP0845,Holly Morris,Amenity horticulturist,46.51,0.07,0.02
EMP0846,Matthew Cross,"Education officer, environmental",34.62,0.13,0.03
EMP0847,Christopher Cruz,Print production planner,23.45,0.13,0.01
EMP0848,Evan Rivers,Emergency planning/management officer,49.07,0.1,0.05
EMP0849,Alexander Rivas,Private music teacher,44.3,0.18,0.02
EMP0850,Lori Brown,Media planner,22.59,0.1,0.03
EMP0851,Robert Williams,Fitness centre manager,31.62,0.07,0.04
EMP0852,William Vaughn,Data scientist,15.38,0.17,0.04
EMP0853,Ann Peterson,Advertising account executive,29.84,0.16,0.04
EMP0854,Mr. William Brown,Historic buildings inspector/conservation officer,45.54,0.05,0.01
EMP0855,Joshua Casey,Health visitor,19.39,0.08,0.04
EMP0856,Jeremiah Estes,"Psychologist, counselling",23.86,0.15,0.04
EMP0857,Jennifer Rowe,Osteopath,47.53,0.1,0.02
EMP0858,Edwin Lucas,Magazine journalist,39.21,0.1,0.02
EMP0859,Stephen Cook,Investment analyst,30.5,0.13,0.04
EMP0860,Darlene Villa,Theatre director,25.07,0.05,0.05
EMP0861,Kyle Marshall,"Optician, dispensing",16.39,0.18,0.01
EMP0862,Jessica Turner,International aid/development worker,34.72,0.18,0.03
EMP0863,Susan Reynolds,Health visitor,20.7,0.08,0.03
EMP0864,Haley Whitaker,Statistician,27.26,0.17,0.01
EMP0865,Jose Warren,"Engineer, automotive",17.96,0.13,0.05
EMP0866,Denise Calhoun,Tax adviser,41.09,0.06,0.02
EMP0867,Marc Massey,"Editor, commissioning",32.15,0.11,0.02
EMP0868,Christopher Juarez,Broadcast presenter,47.46,0.19,0.02
EMP0869,Becky Salazar,"Surveyor, land/geomatics",36.84,0.06,0.02
EMP0870,James Arnold,"Engineer, water",17.68,0.11,0.03
EMP0871,David Lewis,"Engineer, land",35.48,0.17,0.04
EMP0872,Mark Baker,Careers adviser,43.79,0.07,0.05
EMP0873,Thomas Hester,Environmental consultant,49.71,0.1,0.03
EMP0874,Christina Dawson,Broadcast presenter,42.58,0.06,0.02
EMP0875,Dean Contreras,"Therapist, speech and language",37.06,0.15,0.04
EMP0876,Matthew Austin,"Pilot, airline",30.77,0.14,0.02
EMP0877,Kimberly Diaz,Surgeon,45.24,0.12,0.03
EMP0878,Tina Drake,Bookseller,36.67,0.18,0.05
EMP0879,Melissa Peters,"Pharmacist, community",49.05,0.2,0.02
EMP0880,Lisa Miller,Civil Service administrator,26.68,0.13,0.02
EMP0881,Connie Davis,Homeopath,18.33,0.13,0.05
EMP0882,Johnathan Arnold,"Geneticist, molecular",19.1,0.18,0.02
EMP0883,Ronald Brown,Medical sales representative,15.73,0.19,0.02
EMP0884,Jasmine Bowman,"Programmer, applications",31.86,0.07,0.01
EMP0885,Teresa Barrett,Television camera operator,23.27,0.16,0.02
EMP0886,Michele Washington,"Therapist, art",36.15,0.18,0.04
EMP0887,Zachary Greene,Chartered management accountant,43.89,0.08,0.05
EMP0888,Michele Gonzales,Historic buildings inspector/conservation officer,49.03,0.09,0.02
EMP0889,Anthony Scott,Dealer,15.52,0.19,0.02
EMP0890,Matthew Rios,Paediatric nurse,21.39,0.06,0.01
EMP0891,Lori Herrera,Translator,20.99,0.11,0.03
EMP0892,April Collins,Special educational needs teacher,34.77,0.13,0.02
EMP0893,April Stephens,Careers adviser,15.79,0.2,0.03
EMP0894,Janet Warren,Data scientist,29.29,0.07,0.04
EMP0895,Patrick Robinson,Marine scientist,18.67,0.08,0.02
EMP0896,Sara Hays,Manufacturing engineer,25.6,0.08,0.04
EMP0897,Jonathan Wolf,Control and instrumentation engineer,46.42,0.17,0.02
EMP0898,Timothy Silva,Magazine journalist,36.52,0.06,0.02
EMP0899,Joyce Moran,Air traffic controller,18.59,0.12,0.02
EMP0900,Jeremy Young,"Production assistant, television",38.72,0.12,0.03
EMP0901,Christopher Hopkins,Sports coach,29.25,0.09,0.02
EMP0902,Kimberly Bridges,"Engineer, manufacturing",44.16,0.1,0.01
EMP0903,William Howard,Contracting civil engineer,26.59,0.19,0.03
EMP0904,Melissa Contreras,Theme park manager,23.96,0.13,0.01
EMP0905,Kristen Williams,Primary school teacher,39.06,0.13,0.03
EMP0906,Jason Weaver,Immunologist,17.97,0.08,0.05
EMP0907,Alicia Smith,Advertising copywriter,38.35,0.19,0.01
EMP0908,Kathleen Scott,Film/video editor,20.22,0.18,0.03
EMP0909,Sean Suarez,Dance movement psychotherapist,40.48,0.1,0.02
EMP0910,Robert Fernandez,"Psychotherapist, child",19.12,0.16,0.03
EMP0911,Michael Webb,Field trials officer,16.79,0.06,0.03
EMP0912,Brian Barr,Minerals surveyor,17.26,0.08,0.03
EMP0913,Jason Morales,Airline pilot,47.42,0.07,0.03
EMP0914,Sheila Vincent,Cytogeneticist,42.0,0.13,0.02
EMP0915,Michael Hernandez,Water quality scientist,40.06,0.09,0.02
EMP0916,Jessica Gray,"Journalist, newspaper",39.8,0.14,0.03
EMP0917,Kevin Turner,Academic librarian,28.4,0.17,0.05
EMP0918,William Moreno,"Engineer, civil (consulting)",26.66,0.11,0.02
EMP0919,Brian Allen,Aeronautical engineer,21.09,0.06,0.01
EMP0920,Dr. Dana Mendoza,Wellsite geologist,46.19,0.18,0.05
EMP0921,Allison Phillips,"Conservation officer, historic buildings",37.46,0.13,0.04
EMP0922,Timothy Pugh,Hospital pharmacist,15.34,0.07,0.03
EMP0923,Dustin Owen,"Buyer, retail",24.69,0.09,0.04
EMP0924,Kristen Lowe,Equality and diversity officer,26.86,0.09,0.03
EMP0925,Edwin Perez,Private music teacher,32.55,0.15,0.01
EMP0926,Thomas Mcguire,Advertising account executive,33.39,0.18,0.01
EMP0927,Robert Barker,Financial trader,32.07,0.07,0.02
EMP0928,Linda Jones,Chief Marketing Officer,45.89,0.15,0.01
EMP0929,Kristi Jackson,"Journalist, newspaper",18.16,0.2,0.02
EMP0930,Zachary Ellis,Interpreter,32.17,0.09,0.04
EMP0931,Natalie Perkins,Horticultural consultant,45.03,0.16,0.04
EMP0932,Samuel Molina,Arts administrator,27.64,0.1,0.01
EMP0933,Dominique Moore,"Scientist, forensic",41.49,0.14,0.04
EMP0934,Sandra Lopez,Interpreter,24.3,0.09,0.04
EMP0935,Jessica Scott,Geoscientist,30.28,0.08,0.02
EMP0936,Deborah Odonnell,Archaeologist,18.25,0.13,0.05
EMP0937,Margaret Sanchez,Patent attorney,30.87,0.11,0.01
EMP0938,Karen Brown,Economist,44.05,0.15,0.01
EMP0939,Jennifer Archer,Control and instrumentation engineer,15.7,0.19,0.05
EMP0940,Jose Johnson,Water quality scientist,37.89,0.06,0.02
EMP0941,Michelle Delgado,Paediatric nurse,21.55,0.11,0.04
EMP0942,Tonya Sims,Air broker,15.9,0.16,0.04
EMP0943,Anthony Wheeler,Private music teacher,43.94,0.18,0.04
EMP0944,Kelli Williams,Hydrogeologist,34.43,0.06,0.02
EMP0945,Katelyn Hardy,Research scientist (maths),44.99,0.09,0.02
EMP0946,Timothy Le,Pensions consultant,20.07,0.11,0.01
EMP0947,John Wells,"Accountant, chartered",29.02,0.11,0.02
EMP0948,Jacob Mendez,"Radiographer, therapeutic",32.97,0.14,0.05
EMP0949,Tammy Dunn,Education administrator,48.05,0.12,0.04
EMP0950,Raymond Smith,Personnel officer,43.7,0.19,0.05
EMP0951,Justin Hill,Naval architect,45.4,0.07,0.01
EMP0952,Rachel Massey,Forensic scientist,45.62,0.19,0.03
EMP0953,Thomas Stevenson,Environmental manager,37.01,0.11,0.05
EMP0954,James Miller,Ophthalmologist,23.96,0.08,0.04
EMP0955,Tiffany Howard,Furniture designer,19.75,0.11,0.04
EMP0956,Raven Page,"Surveyor, land/geomatics",20.17,0.13,0.03
EMP0957,Brent Pearson,"Scientist, research (life sciences)",29.11,0.08,0.02
EMP0958,Tiffany Dean,Web designer,46.92,0.12,0.02
EMP0959,Misty Hayes,"Surveyor, quantity",22.57,0.07,0.02
EMP0960,Jeffrey Allen,Accounting technician,28.66,0.08,0.02
EMP0961,Kristin Gomez,Clinical biochemist,28.27,0.07,0.04
EMP0962,Geoffrey Huynh,"Surveyor, rural practice",48.44,0.17,0.04
EMP0963,Jonathan Garrett,Press sub,43.07,0.13,0.03
EMP0964,Christopher Medina,Charity fundraiser,23.0,0.09,0.02
EMP0965,Samuel Snyder,Investment analyst,28.76,0.17,0.02
EMP0966,Darius Robinson,Video editor,33.46,0.17,0.02
EMP0967,Manuel Hawkins,Archivist,49.18,0.06,0.04
EMP0968,Penny Jordan,"Accountant, chartered management",22.45,0.14,0.03
EMP0969,Richard Edwards,"Scientist, marine",16.7,0.1,0.04
EMP0970,Jennifer Smith,Equality and diversity officer,18.63,0.19,0.04
EMP0971,Julie Andrews,Local government officer,37.73,0.19,0.03
EMP0972,Courtney Wyatt,International aid/development worker,38.23,0.14,0.02
EMP0973,Craig Griffin,"Civil engineer, consulting",15.53,0.09,0.02
EMP0974,Terry Morales,Commercial/residential surveyor,38.92,0.13,0.04
EMP0975,Laura Burton,Education administrator,19.45,0.14,0.04
EMP0976,Brian Miles,Field trials officer,24.42,0.12,0.05
EMP0977,Derrick Gordon,Music therapist,42.8,0.2,0.02
EMP0978,Claire Ramos,"Journalist, magazine",27.73,0.11,0.05
EMP0979,Tristan Bates,Metallurgist,41.5,0.06,0.03
EMP0980,Amy Jones,Public relations officer,28.34,0.19,0.04
EMP0981,Kimberly Osborn,Medical illustrator,16.62,0.16,0.03
EMP0982,Carl Anderson,Sports development officer,37.82,0.07,0.02
EMP0983,Mr. Zachary Young,"Engineer, aeronautical",18.29,0.11,0.04
EMP0984,Alexandria Estrada,Translator,39.78,0.17,0.03
EMP0985,Kathleen Holloway PhD,"Psychologist, occupational",18.42,0.1,0.04
EMP0986,Joshua Giles,Press photographer,43.29,0.15,0.03
EMP0987,Amanda Harris,Information systems manager,25.57,0.18,0.05
EMP0988,Paul Willis,"Designer, blown glass/stained glass",31.19,0.16,0.05
EMP0989,Linda Odom,"Surveyor, planning and development",49.06,0.19,0.05
EMP0990,Michael Davis,"Social research officer, government",36.72,0.14,0.02
EMP0991,Alexandra Nelson,Speech and language therapist,37.33,0.17,0.03
EMP0992,Matthew Soto,Production manager,32.34,0.07,0.02
EMP0993,Gregory Henry,Sport and exercise psychologist,23.26,0.1,0.04
EMP0994,Melissa Smith,"Teacher, early years/pre",23.08,0.07,0.03
EMP0995,Lisa Perez,Health promotion specialist,32.56,0.14,0.01
EMP0996,Robert Maldonado,"Administrator, local government",37.26,0.07,0.04
EMP0997,Diane Hardin,Financial controller,19.01,0.14,0.01
EMP0998,Shane Mcbride,Waste management officer,26.01,0.07,0.04
EMP0999,Andrea Cohen,"Engineer, land",43.48,0.08,0.02
